Workbook

Sheet Read Me
A1: Interview inventory - IKrux Engineering, submission of 21-Sep-2026
A2: Built on 22-Sep-2026 from the candidate list supplied by the requester and the five resumes attached to it.
A4: What this is | B4: A single-file inventory of the 17 candidates submitted by IKrux Engineering on 21-Sep-2026, set up to run the interview process end to end: the vendor's data as submitted, a few derived fields, and empty tracking columns for each interview stage.
A5: Interview Inventory | B5: Columns A-P are exactly the fields supplied, transcribed verbatim. Columns Q-T are calculated. Columns U-AJ are the grey tracking block - this is where you record what happens at each stage. Screening, L1/L2/HR result, final status and the Yes/No fields are dropdowns.
A6: Resume Validation | B6: The five candidates whose CVs were attached (SL 2, 3, 8, 12, 15), with what the resume itself says and how it compares with the inventory row. Read the Verdict column before scheduling any of them.
A7: Summary | B7: Role mix, cost, availability, offer position and the interview funnel - all formulas, so the sheet stays live as tracking columns are filled in.
A8: Action Log | B8: 19 open items raised from the resume comparison and from arithmetic checks across all 17 rows, ranked High / Medium / Low, with the action each one needs.
A9: Cells you edit | B9: Summary!B4 (the as-on date, blue text on yellow) and the grey tracking columns U-AJ on the inventory, plus the Owner / status column on the Action Log. Everything else is either source data or a formula.
A10: Units and conventions | B10: CTC, ECTC and Offered CTC are numbers in INR lakhs per annum. Dates are DD-MMM-YY. Mobile numbers are stored as text so leading digits survive. 'Days to LWD' is negative when the last working day has already passed.
A11: Source and caveats | B11: Columns A-P are the requester's submitted list, unaltered except for trimming a stray leading space in one e-mail address (SL 16). Resume columns come only from the five attached CVs. The other 12 rows have not been validated against a resume.
A13: Colour key
A14: Yellow fill, blue text | B14: An input cell - edit it.
A15: Grey fill | B15: Tracking field for you to fill in as the process runs.
A16: White / banded | B16: Source data as submitted, or a formula - do not overwrite.
A17: Red / amber | B17: A High or Medium severity flag on the Resume Validation and Action Log sheets.
A19: Example of a filled tracking row
A20: Shows the format expected in the grey columns on the Interview Inventory sheet. It is an illustration only - no candidate here.
A21: Field | B21: Example value
A22: Resume on File | B22: Yes
A23: Profile Shared On | B23: 46288
A24: Screening Status | B24: Shortlisted
A25: L1 Date | B25: 46291
A26: L1 Panel | B26: R. Selvam
A27: L1 Result | B27: Selected
A28: L2 Date | B28: 46295
A29: L2 Panel | B29: A. Krishnan / D. Rao
A30: L2 Result | B30: Selected
A31: HR Round Date | B31: 46298
A32: HR Result | B32: Selected
A33: Final Status | B33: Selected
A34: Offer Released | B34: Yes
A35: Offered CTC | B35: 27.5
A36: Date of Joining | B36: 46328
A37: Remarks | B37: Negotiated down from a 30 L expectation; relocation support agreed.

Sheet Interview Inventory
A1: Candidate details - as submitted by vendor (21-Sep-2026) | Q1: Derived | U1: Interview process tracking - to be filled in
A2: SL. No | B2: Vendor | C2: Date | D2: Skill Name | E2: Candidate Name | F2: Mobile Number | G2: Email ID | H2: Current Company | I2: Total Experience | J2: Relevant Experience | K2: Current Location | L2: Work Location | M2: Notice Period | N2: CTC | O2: ECTC | P2: Offers | Q2: Hike % | R2: LWD (date) | S2: Days to LWD | T2: Availability | U2: Resume on File | V2: Profile Shared On | W2: Screening Status | X2: L1 Date | Y2: L1 Panel | Z2: L1 Result | AA2: L2 Date | AB2: L2 Panel | AC2: L2 Result | AD2: HR Round Date | AE2: HR Result | AF2: Final Status | AG2: Offer Released | AH2: Offered CTC | AI2: Date of Joining | AJ2: Remarks
A3: 1 | B3: IKrux Engineering | C3: 46286 | D3: Technical Consultant | E3: Jeganagan Murugesan | F3: 9940641190 | G3: jeganagan@gmail.com | H3: L&T Infotech | I3: 14 Years | J3: .Net 14 Years | React 3 Years | Cloud 3 Years | Lead 4 Years | AI 2 Years | Client Interaction 10 Years | K3: Coimbatore | L3: Coimbatore | M3: LWD:15 Oct 2026 | N3: 30 | O3: 36 | P3: No | Q3: =IF(N3=0,"",(O3-N3)/N3) -> 0.2 | R3: 46310 | S3: =R3-Summary!$B$4 -> 23 | T3: =IF(S3<=0,"Available now",IF(S3<=30,"Within 30 days","Beyond 30 days")) -> Within 30 days | U3: No
A4: 2 | B4: IKrux Engineering | C4: 46286 | D4: Technical Consultant | E4: Dayakar G | F4: 9629921391 | G4: dayakargm@gmail.com | H4: IBM India Pvt. Limited | I4: 15 Years | J4: .Net 15 Years |React : 3 Years | Cloud : Azure 5 Years | Lead : 4 Years | AI : 2 Years | Client Interaction : 4 Years | K4: Coimbatore | L4: Coimbatore | M4: LWD: 4 Sep 2026 | N4: 18.3 | O4: 24 | P4: No | Q4: =IF(N4=0,"",(O4-N4)/N4) -> 0.31147541 | R4: 46269 | S4: =R4-Summary!$B$4 -> -18 | T4: =IF(S4<=0,"Available now",IF(S4<=30,"Within 30 days","Beyond 30 days")) -> Available now | U4: Yes
A5: 3 | B5: IKrux Engineering | C5: 46286 | D5: Technical Consultant | E5: Amre Binnaz. M | F5: 9715748143 | G5: amrebinnaz@gmail.com | H5: OMS Software Solutions Pvt Ltd | I5: 15 Years | J5: .Net 12 Years | React : 3 Years | Cloud : Azure 2 Years | Lead : 5 Years | AI : 0.6 Months | Client Interaction : 5 Years | K5: Coimbatore | L5: Coimbatore | M5: LWD:31 Aug 2026 | N5: 11.7 | O5: 18 | P5: No | Q5: =IF(N5=0,"",(O5-N5)/N5) -> 0.53846154 | R5: 46265 | S5: =R5-Summary!$B$4 -> -22 | T5: =IF(S5<=0,"Available now",IF(S5<=30,"Within 30 days","Beyond 30 days")) -> Available now | U5: Yes
A6: 4 | B6: IKrux Engineering | C6: 46286 | D6: Technical Consultant | E6: Adarsh Swaminathan | F6: 9980345147 | G6: adarshswaminathan@gmail.com | H6: Rackspace | I6: 10.3 Years | J6: 10.3 Years : .Net | 5 Years : Angular | 4 years : Azure/Aws | K6: Chamrajnagar | L6: Coimbatore | M6: LWD : 6-Aug-26 | N6: 17.5 | O6: 30 | P6: Offer : 28 L | Q6: =IF(N6=0,"",(O6-N6)/N6) -> 0.71428571 | R6: 46240 | S6: =R6-Summary!$B$4 -> -47 | T6: =IF(S6<=0,"Available now",IF(S6<=30,"Within 30 days","Beyond 30 days")) -> Available now | U6: No
A7: 5 | B7: IKrux Engineering | C7: 46286 | D7: Technical Consultant | E7: Sivakumar Varatharaj | F7: 9600473436 | G7: sivamailmsg@gmail.com | H7: HCLTech | I7: 14 Years | J7: 14 Years : .Net | Angular : 5 Years | React : 3 Years | Azure : 5 Years | K7: Chennai | L7: Coimbatore | M7: LWD : 5-Oct-26 | N7: 27.4 | O7: 36 | P7: 35 L : TCS | Q7: =IF(N7=0,"",(O7-N7)/N7) -> 0.31386861 | R7: 46300 | S7: =R7-Summary!$B$4 -> 13 | T7: =IF(S7<=0,"Available now",IF(S7<=30,"Within 30 days","Beyond 30 days")) -> Within 30 days | U7: No
A8: 6 | B8: IKrux Engineering | C8: 46286 | D8: Technical Consultant | E8: Sathya K S | F8: 9976168127 | G8: sathya.ks03@gmail.com | H8: cSoft Technologies | I8: 12 Years | J8: Java : 8 Years | React : 8 Years | AWS : 8 Years | Lead: 3 Years | AI : 1 Year | Client Interaction : 4 Years | K8: Coimbatore | L8: Coimbatore | M8: LWD: 30-Sep-26 | N8: 20 | O8: 28 | P8: No | Q8: =IF(N8=0,"",(O8-N8)/N8) -> 0.4 | R8: 46295 | S8: =R8-Summary!$B$4 -> 8 | T8: =IF(S8<=0,"Available now",IF(S8<=30,"Within 30 days","Beyond 30 days")) -> Within 30 days | U8: No
A9: 7 | B9: IKrux Engineering | C9: 46286 | D9: Technical Consultant | E9: Navin Kumar | F9: 9486169060 | G9: nawinnawi6@gmail.com | H9: Nagarro | I9: 9 Years | J9: .Net : 6 Years | Node js : 2 Years | React : 8 Years | Cloud : 2.5 Years | Lead 1.5 Years | AI : 2 Years | Client Interaction : 6 Years | K9: Coimbatore | L9: Coimbatore | M9: LWD: 30-Oct-26 (Negotiable) | N9: 32.8 | O9: 33 | P9: No | Q9: =IF(N9=0,"",(O9-N9)/N9) -> 0.006097561 | R9: 46325 | S9: =R9-Summary!$B$4 -> 38 | T9: =IF(S9<=0,"Available now",IF(S9<=30,"Within 30 days","Beyond 30 days")) -> Beyond 30 days | U9: No
A10: 8 | B10: IKrux Engineering | C10: 46286 | D10: Technical Consultant | E10: Boopathi Molakgounder | F10: 9688849985 | G10: info2boopathi@gmail.com | H10: Capgemini | I10: 13.5 Years | J10: .Net : 13.5 Years |Angular : 4 Years | Azure : 2-3 Years | K10: Erode | L10: Coimbatore | M10: LWD :11-Jun-26 | N10: 24 | O10: 30 | Q10: =IF(N10=0,"",(O10-N10)/N10) -> 0.25 | R10: 46184 | S10: =R10-Summary!$B$4 -> -103 | T10: =IF(S10<=0,"Available now",IF(S10<=30,"Within 30 days","Beyond 30 days")) -> Available now | U10: Yes
A11: 9 | B11: IKrux Engineering | C11: 46286 | D11: Technology Lead | E11: Ravikumar Gopal | F11: 8667317072 | G11: ravikumargopal93@gmail.com | H11: Bosch Global Software Technologies | I11: 10.3 Years | J11: Java : 10 Years | Python : 5 Years | Angular : 6 Years | Azure : 3.5 Years | Lead : 3.5 Years | architect : 2 Years | K11: Coimbatore | L11: Coimbatore | M11: LWD : 9-Oct-26 | N11: 22 | O11: 35 | P11: 34 L ( 30 L F ) | Q11: =IF(N11=0,"",(O11-N11)/N11) -> 0.59090909 | R11: 46304 | S11: =R11-Summary!$B$4 -> 17 | T11: =IF(S11<=0,"Available now",IF(S11<=30,"Within 30 days","Beyond 30 days")) -> Within 30 days | U11: No
A12: 10 | B12: IKrux Engineering | C12: 46286 | D12: Technology Lead | E12: Vaisakh P | F12: 9497380591 | G12: ysakhpr@gmail.com | H12: Equifax India | I12: 10 Years | J12: Java : 10 Years | Angular : 4 Years | Spring Boot : 7 Years | Microservices : 7 Years | GCP : 4 Years | Kafka : 2 Years | Lead : 6 Years | K12: Coimbatore | L12: Coimbatore | M12: LWD : 31-Aug-26 | N12: 25 | O12: 30 | Q12: =IF(N12=0,"",(O12-N12)/N12) -> 0.2 | R12: 46265 | S12: =R12-Summary!$B$4 -> -22 | T12: =IF(S12<=0,"Available now",IF(S12<=30,"Within 30 days","Beyond 30 days")) -> Available now | U12: No
A13: 11 | B13: IKrux Engineering | C13: 46286 | D13: Technology Lead | E13: Sandhosh Kumar | F13: 9787574827 | G13: sandhosh.javascript@gmail.com | H13: Wipro | I13: 12 Years | J13: Python : 3 Years | React : 5 Years | Node : 8 Years | Cloud : 4+ Years | Lead : 5 Years | K13: Coimbatore | L13: Coimbatore | M13: LWD : 29-Aug-26 | N13: 24 | O13: 30 | P13: No | Q13: =IF(N13=0,"",(O13-N13)/N13) -> 0.25 | R13: 46263 | S13: =R13-Summary!$B$4 -> -24 | T13: =IF(S13<=0,"Available now",IF(S13<=30,"Within 30 days","Beyond 30 days")) -> Available now | U13: No
A14: 12 | B14: IKrux Engineering | C14: 46286 | D14: Technology Lead | E14: Karthy | F14: 9092879950 | G14: karthyperiyasamy@gmail.com | H14: Tartlabs | I14: 12 Years | J14: .Net : 9 Years | React : 7 Years | Cloud : 4 Years | Lead : 5+ Years | K14: Coimbatore | L14: Coimbatore | M14: LWD : 5-Oct-26 | N14: 17 | O14: 25 | P14: No | Q14: =IF(N14=0,"",(O14-N14)/N14) -> 0.47058824 | R14: 46300 | S14: =R14-Summary!$B$4 -> 13 | T14: =IF(S14<=0,"Available now",IF(S14<=30,"Within 30 days","Beyond 30 days")) -> Within 30 days | U14: Yes
A15: 13 | B15: IKrux Engineering | C15: 46286 | D15: Senior Software Engineer | E15: Adhithyan C | F15: 8939173477 | G15: adhithyancheralathan@gmail.com | H15: CE Products | I15: 5 Years | J15: 5 Years | K15: Chennai | L15: Coimbatore | M15: LWD : 24-Sep-26 | N15: 7.5 | O15: 15 | Q15: =IF(N15=0,"",(O15-N15)/N15) -> 1 | R15: 46289 | S15: =R15-Summary!$B$4 -> 2 | T15: =IF(S15<=0,"Available now",IF(S15<=30,"Within 30 days","Beyond 30 days")) -> Within 30 days | U15: No
A16: 14 | B16: IKrux Engineering | C16: 46286 | D16: Senior Software Engineer | E16: Manoj | F16: 7810090328 | G16: connectmanoj.in@gmail.com | H16: Tata Consultancy Services | I16: 5.2 Years | J16: 5.2 Years | K16: Bangalore/Coimbatore | L16: Coimbatore | M16: LWD : 9-Sep-26 | N16: 8.5 | O16: 14 | Q16: =IF(N16=0,"",(O16-N16)/N16) -> 0.64705882 | R16: 46274 | S16: =R16-Summary!$B$4 -> -13 | T16: =IF(S16<=0,"Available now",IF(S16<=30,"Within 30 days","Beyond 30 days")) -> Available now | U16: No
A17: 15 | B17: IKrux Engineering | C17: 46286 | D17: Senior Software Engineer | E17: Sankar Ponnusamy | F17: 9994256491 | G17: sankarmailing@gmail.com | H17: Tata Consultancy Services | I17: 11.2 Years | J17: 6.3 Years | K17: Erode | L17: Coimbatore | M17: LWD : 14-Aug-26 | N17: 7.12 | O17: 14 | Q17: =IF(N17=0,"",(O17-N17)/N17) -> 0.96629213 | R17: 46248 | S17: =R17-Summary!$B$4 -> -39 | T17: =IF(S17<=0,"Available now",IF(S17<=30,"Within 30 days","Beyond 30 days")) -> Available now | U17: Yes
A18: 16 | B18: IKrux Engineering | C18: 46286 | D18: Senior Software Engineer | E18: Shanmuga raja | F18: 9600029567 | G18: shanmugarajamanikam@gmail.com | H18: CE Products | I18: 5.3 Years | J18: 5 Years | K18: Chennai | L18: Coimbatore | M18: LWD : 28-Sep-26 | N18: 6.1 | O18: 10 | P18: No | Q18: =IF(N18=0,"",(O18-N18)/N18) -> 0.63934426 | R18: 46293 | S18: =R18-Summary!$B$4 -> 6 | T18: =IF(S18<=0,"Available now",IF(S18<=30,"Within 30 days","Beyond 30 days")) -> Within 30 days | U18: No
A19: 17 | B19: IKrux Engineering | C19: 46286 | D19: Senior Software Engineer | E19: Srinidhi Ravi | F19: 9962308335 | G19: srini3998@gmail.com | H19: LTIMindtree | I19: 5.6 Years | J19: 5 Years | K19: Chennai | L19: Coimbatore | M19: LWD : 10-Oct-26 | N19: 14 | O19: 18 | P19: No | Q19: =IF(N19=0,"",(O19-N19)/N19) -> 0.28571429 | R19: 46305 | S19: =R19-Summary!$B$4 -> 18 | T19: =IF(S19<=0,"Available now",IF(S19<=30,"Within 30 days","Beyond 30 days")) -> Within 30 days | U19: No

Sheet Resume Validation
A1: Resume validation - 5 resumes received against the 21-Sep-2026 submission
A2: Every fact in the 'Per resume' columns is taken from the candidate's own CV. Verdict compares it against the inventory row of the same SL. No.
A4: SL. No | B4: Candidate Name | C4: Resume File | D4: Headline / profile per resume | E4: Current employer & tenure per resume | F4: Location per resume | G4: Experience & core stack per resume | H4: Verdict vs inventory
A5: 2 | B5: Dayakar G | C5: Dayakar_G.pdf | D5: Full-Stack Developer | Application Architect | Azure Cloud Solutions | E5: IBM India Pvt Ltd, Technical Lead, 03/2023 - Present (Coimbatore). Earlier: GalaxE.Solutions 02/2022-01/2023; ObjectFrontier 10/2021-02/2022; Pricol Ltd 01/2011-09/2021. | F5: Coimbatore, India | G5: 15 years. C#, .NET 8/9, ASP.NET Core, Web API, React/TypeScript, SQL Server, PostgreSQL; Azure APIM, Service Bus, Functions, Logic Apps, Blob, DevOps, Docker, AKS concepts; Kafka, Redis; Azure OpenAI, Semantic Kernel, LangChain, RAG, MCP. MCA, Alagappa University. IBM GenAI & Agentic AI accredited. | H5: MATCH. Experience, employer, location, mobile, e-mail and the .Net / React / Azure / AI skill split all line up. Two things to probe: (a) 10.7 of the 15 years were at Pricol Ltd as an Application Engineer (in-house manufacturing IT, not services/product delivery); (b) the CV shows IBM as 'Present' with no notice stated, while the inventory records LWD 4-Sep-2026 - confirm whether he has already been relieved.
A6: 3 | B6: Amre Binnaz. M | C6: Amre_Binnaz_M.pdf | D6: Technical Lead | Full Stack Developer | AI Assisted Developer | E6: OMS Software Solutions Pvt Ltd, Technical Lead, Nov 2020 - Aug 2026 (also Senior SE there Apr 2013 - Dec 2018). Earlier: LAKEBA IT Solutions Dec 2018 - May 2020; CG-VAK Nov 2011 - Mar 2013; Majestic People InfoTech 2010-2011; Gem Tech Park 2007-2010. | F6: Coimbatore, India | G6: 15+ years. C#, .NET Framework/.NET Core, ASP.NET Core MVC, Web API, WCF; React, Node.js, Angular, TypeScript; SQL Server, NoSQL; Azure App Service, Functions, Service Bus, Key Vault, DevOps; RabbitMQ, Microservices, Event-Driven Architecture, Docker; HL7 / CCDA / FHIR healthcare integration; Claude AI, ChatGPT. | H6: MATCH. Experience, employer, location, contact and the Aug-2026 exit date all agree with the inventory. Three gaps to close: (a) roughly Jun-Oct 2020 is unaccounted for between LAKEBA and the return to OMS; (b) the CV carries no education section - collect the qualification; (c) his AI exposure is AI-assisted coding with Claude / ChatGPT, not AI/ML engineering, so the inventory's 'AI : 0.6 Months' needs restating.
A7: 8 | B7: Boopathi Molakgounder | C7: BOOPATHI_MOLAKGOUNDER.docx | D7: Technical Lead | Senior Software Engineer (.NET | Azure | Angular | Microservices) | E7: Capgemini, Technical Lead, Mar 2024 - Jun 2026 (Bangalore). Earlier: TransUnion Apr 2021 - Feb 2024; Cognizant Jul 2016 - Apr 2021; CGI Group May 2015 - Jun 2016; Shlok Information Systems Sep 2012 - Mar 2015. | F7: Bangalore, India | G7: 13+ years. C#, .NET Framework/.NET Core, ASP.NET MVC/Core, Web API, Microservices, EF/EF Core, T-SQL, Microsoft Graph API, WCF, WPF; Angular 8-15, TypeScript; Azure App Services, Functions, Monitor, Service Bus, Storage, Entra ID; KQL, Application Insights; Azure DevOps CI/CD. B.E. CS, Anna University, 2011. | H7: MATCH ON SKILLS, MISMATCH ON LOCATION. The 13.5 years, Capgemini, .Net, Angular 8-15 and Azure all agree. But the inventory records his current location as Erode while the CV header says Bangalore - confirm. Also note his Capgemini tenure ended Jun-2026, so as of today he has been out roughly 3 months: confirm current employment status and the reason for the break, and capture the blank Offers field.
A8: 12 | B8: Karthy | C8: Karthy.pdf | D8: Technical Lead | Hands-on Lead Engineer | Full-Stack Engineering | E8: Tart Labs, Technical Lead, Feb 2021 - Present. Earlier: Aximsoft Apr 2019 - Feb 2021; Atom Systems Oct 2017 - Apr 2019; Virtual Tech Gurus Dec 2014 - Oct 2017. | F8: Coimbatore, Tamil Nadu, India | G8: 11+ years. Node.js, Express.js, JavaScript/TypeScript, GraphQL, PHP/Laravel; React.js, Next.js, Redux Toolkit/Saga, Angular, React Native; PlanetScale MySQL, MySQL, MongoDB, Redis/ElastiCache; AWS Lambda, ECS, SQS, S3, CloudWatch; Python/FastAPI/LanceDB/LiteLLM on RAG (stated as limited/supporting). MCA, Anna Univ. 2011. | H8: MATERIAL MISMATCH - do not schedule a .Net panel without reconfirming. The inventory credits him with '.Net : 9 Years'; the CV contains no .NET or C# anywhere - his backend is Node.js/Express with PHP/Laravel. Cloud is AWS, not Azure. React 7 years and Lead 5+ years are both supported, and total experience reads 11.8 years against the 12 recorded. He looks like a Node/React technical lead, not a .Net one.
A9: 15 | B9: Sankar Ponnusamy | C9: Sankar_Ponnusamy.pdf | D9: Java Application / Production Support | Payment Systems | BFSI Domain | E9: Tata Consultancy Services, Senior Support Engineer (PowerCARD), Apr 2020 - Aug 2026; TCS BFSI Card Operations, Senior Associate, May 2015 - Mar 2020; AMP E-Technologies Oct 2013 - May 2015. | F9: Bangalore, Karnataka (TCS base: Chennai) | G9: 6.3 years Java application/production support within 11 years of BFSI experience. Core Java, SQL/PL-SQL, Oracle 10G/19C; Linux/RHEL, JBoss, WebLogic; ServiceNow, Jira, SoapUI; ISO 8583, log analysis, JVM stack traces, RCA, batch monitoring. Spring Boot, AWS and REST API listed only as 'Technical Exposure'. MBA (HR & Marketing) 2013; BBM 2010. | H9: MATCH ON NUMBERS, FIT RISK ON ROLE. The 11.2 / 6.3 year split, TCS, contact details and the 14-Aug-2026 exit all agree. Two flags: (a) the inventory says Erode, the CV header says Bangalore - confirm; (b) the profile is production and application support, not hands-on development, with Spring Boot and REST API listed as exposure only - if the Senior Software Engineer opening is a build role this is a poor fit. His ECTC is a ~97% hike.
A11: Resumes were supplied for 5 of the 17 candidates (SL 2, 3, 8, 12 and 15). The remaining 12 rows in the inventory carry vendor-declared data only and have not been validated against a CV.

Sheet Summary
A1: Pipeline summary
A2: Every figure below is a formula over the Interview Inventory sheet - change the as-on date in B4 or any inventory cell and the numbers move with it.
A4: As-on date (drives availability) | B4: 46287
A5: Total candidates submitted | B5: =COUNTA('Interview Inventory'!$A$3:$A$19) -> 17
A7: Mix by Skill Name
A8: Skill Name | B8: Count | C8: Avg CTC | D8: Avg ECTC | E8: Avg hike % | F8: Max ECTC
A9: Technical Consultant | B9: =COUNTIF('Interview Inventory'!$D$3:$D$19,A9) -> 8 | C9: =IFERROR(AVERAGEIF('Interview Inventory'!$D$3:$D$19,A9,'Interview Inventory'!$N$3:$N$19),"") -> 22.7125 | D9: =IFERROR(AVERAGEIF('Interview Inventory'!$D$3:$D$19,A9,'Interview Inventory'!$O$3:$O$19),"") -> 29.375 | E9: =IFERROR(AVERAGEIF('Interview Inventory'!$D$3:$D$19,A9,'Interview Inventory'!$Q$3:$Q$19),"") -> 0.3417736 | F9: =SUMPRODUCT(MAX(('Interview Inventory'!$D$3:$D$19=A9)*'Interview Inventory'!$O$3:$O$19)) -> 36
A10: Technology Lead | B10: =COUNTIF('Interview Inventory'!$D$3:$D$19,A10) -> 4 | C10: =IFERROR(AVERAGEIF('Interview Inventory'!$D$3:$D$19,A10,'Interview Inventory'!$N$3:$N$19),"") -> 22 | D10: =IFERROR(AVERAGEIF('Interview Inventory'!$D$3:$D$19,A10,'Interview Inventory'!$O$3:$O$19),"") -> 30 | E10: =IFERROR(AVERAGEIF('Interview Inventory'!$D$3:$D$19,A10,'Interview Inventory'!$Q$3:$Q$19),"") -> 0.37787433 | F10: =SUMPRODUCT(MAX(('Interview Inventory'!$D$3:$D$19=A10)*'Interview Inventory'!$O$3:$O$19)) -> 35
A11: Senior Software Engineer | B11: =COUNTIF('Interview Inventory'!$D$3:$D$19,A11) -> 5 | C11: =IFERROR(AVERAGEIF('Interview Inventory'!$D$3:$D$19,A11,'Interview Inventory'!$N$3:$N$19),"") -> 8.644 | D11: =IFERROR(AVERAGEIF('Interview Inventory'!$D$3:$D$19,A11,'Interview Inventory'!$O$3:$O$19),"") -> 14.2 | E11: =IFERROR(AVERAGEIF('Interview Inventory'!$D$3:$D$19,A11,'Interview Inventory'!$Q$3:$Q$19),"") -> 0.7076819 | F11: =SUMPRODUCT(MAX(('Interview Inventory'!$D$3:$D$19=A11)*'Interview Inventory'!$O$3:$O$19)) -> 18
A12: All roles | B12: =COUNTA('Interview Inventory'!$A$3:$A$19) -> 17 | C12: =AVERAGE('Interview Inventory'!$N$3:$N$19) -> 18.407059 | D12: =AVERAGE('Interview Inventory'!$O$3:$O$19) -> 25.058824 | E12: =AVERAGE('Interview Inventory'!$Q$3:$Q$19) -> 0.45788798 | F12: =MAX('Interview Inventory'!$O$3:$O$19) -> 36
A14: Availability against the as-on date
A15: Bucket | B15: Candidates | C15: % of pipeline
A16: Last working day already passed | B16: =COUNTIF('Interview Inventory'!$S$3:$S$19,"<=0") -> 8 | C16: =IFERROR(B16/$B$5,"") -> 0.47058824
A17: Within 30 days | B17: =COUNTIFS('Interview Inventory'!$S$3:$S$19,">0",'Interview Inventory'!$S$3:$S$19,"<=30") -> 8 | C17: =IFERROR(B17/$B$5,"") -> 0.47058824
A18: Beyond 30 days | B18: =COUNTIF('Interview Inventory'!$S$3:$S$19,">30") -> 1 | C18: =IFERROR(B18/$B$5,"") -> 0.058823529
A20: Offer position & location
A21: Measure | B21: Count
A22: Recorded as 'No' offer in hand | B22: =COUNTIF('Interview Inventory'!$P$3:$P$19,"No") -> 9
A23: Offer in hand (value captured) | B23: =COUNTA('Interview Inventory'!$P$3:$P$19)-COUNTIF('Interview Inventory'!$P$3:$P$19,"No") -> 3
A24: Offers field left blank | B24: =$B$5-COUNTA('Interview Inventory'!$P$3:$P$19) -> 5
A25: Already in Coimbatore (work location) | B25: =COUNTIF('Interview Inventory'!$K$3:$K$19,"Coimbatore") -> 9
A26: Relocating to Coimbatore | B26: =$B$5-COUNTIF('Interview Inventory'!$K$3:$K$19,"Coimbatore") -> 8
A27: Resume received and on file | B27: =COUNTIF('Interview Inventory'!$U$3:$U$19,"Yes") -> 5
A28: Resume still awaited | B28: =COUNTIF('Interview Inventory'!$U$3:$U$19,"No") -> 12
A30: Interview funnel (updates itself as the tracking columns are filled)
A31: Stage | B31: Count
A32: Shortlisted at screening | B32: =COUNTIF('Interview Inventory'!$W$3:$W$19,"Shortlisted") -> 0
A33: L1 selected | B33: =COUNTIF('Interview Inventory'!$Z$3:$Z$19,"Selected") -> 0
A34: L2 selected | B34: =COUNTIF('Interview Inventory'!$AC$3:$AC$19,"Selected") -> 0
A35: HR round cleared | B35: =COUNTIF('Interview Inventory'!$AF$3:$AF$19,"Selected") -> 0
A36: Offer released | B36: =COUNTIF('Interview Inventory'!$AH$3:$AH$19,"Yes") -> 0
A37: Joined | B37: =COUNTIF('Interview Inventory'!$AG$3:$AG$19,"Joined") -> 0
A38: Rejected across all stages | B38: =COUNTIF('Interview Inventory'!$W$3:$W$19,"Rejected")+COUNTIF('Interview Inventory'!$Z$3:$Z$19,"Rejected")+COUNTIF('Interview Inventory'!$AC$3:$AC$19,"Rejected")+COUNTIF('Interview Inventory'!$AF$3:$AF$19,"Rejected") -> 0

Sheet Action Log
A1: Open actions before scheduling interviews
A2: Raised from reading the five resumes against the submitted inventory, plus arithmetic checks across all 17 rows. Owner and status columns are yours to fill in.
A4: Item | B4: SL. No | C4: Candidate | D4: Severity | E4: Issue | F4: Action required | G4: Owner / status
A5: 1 | B5: 12 | C5: Karthy | D5: High | E5: Inventory credits '.Net : 9 Years'; the resume shows no .NET or C# at all - the backend stack is Node.js / Express with PHP / Laravel. | F5: Reconfirm the skill mapping with IKrux before allocating a panel. If the requirement is .Net, this profile does not meet it; if Node/React is acceptable, correct the Relevant Experience text.
A6: 2 | B6: 12 | C6: Karthy | D6: Medium | E6: 'Cloud : 4 Years' is recorded generically; the resume shows AWS (Lambda, ECS, SQS, S3, CloudWatch), not Azure. | F6: Restate as AWS in the inventory and confirm whether the role needs Azure.
A7: 3 | B7: 15 | C7: Sankar Ponnusamy | D7: High | E7: Profile is Java application / production support in BFSI payments. Spring Boot, REST API and AWS appear only under 'Technical Exposure'. | F7: Confirm whether the Senior Software Engineer opening is a development or a support role before scheduling.
A8: 4 | B8: 8 | C8: Boopathi Molakgounder | D8: High | E8: Last working day 11-Jun-2026 has already passed - roughly 3 months ago as of the as-on date. | F8: Confirm current employment status, the reason for the break, and whether the 30 L expectation still holds.
A9: 5 | B9: - | C9: All rows | D9: High | E9: 8 of the 17 recorded last working days fall before the as-on date, so those candidates should already be out of their current company. | F9: Re-verify employment status and availability for every row the inventory marks 'Available now'.
A10: 6 | B10: - | C10: 12 candidates | D10: High | E10: Resumes are on file for only 5 of 17 (SL 2, 3, 8, 12, 15). The other 12 rows are vendor-declared and unverified. | F10: Request the remaining CVs from IKrux Engineering before the screening call.
A11: 7 | B11: 15 | C11: Sankar Ponnusamy | D11: Medium | E11: Current location recorded as Erode; the resume header says Bangalore, Karnataka. | F11: Confirm with the candidate.
A12: 8 | B12: 8 | C12: Boopathi Molakgounder | D12: Medium | E12: Current location recorded as Erode; the resume header says Bangalore, India. | F12: Confirm with the candidate.
A13: 9 | B13: 3 | C13: Amre Binnaz. M | D13: Medium | E13: Employment gap of roughly Jun-Oct 2020 between LAKEBA IT Solutions and the return to OMS Software Solutions. | F13: Ask the candidate to account for the gap.
A14: 10 | B14: 2 | C14: Dayakar G | D14: Medium | E14: Resume shows the IBM role as 'Present' with no notice period, while the inventory records LWD 4-Sep-2026. | F14: Establish which is current and record the real notice position.
A15: 11 | B15: 2 | C15: Dayakar G | D15: Medium | E15: 10.7 of the 15 years were at Pricol Ltd as an Application Engineer - in-house manufacturing IT rather than services or product delivery. | F15: Probe depth of enterprise .NET delivery during the technical round.
A16: 12 | B16: 7 | C16: Navin Kumar | D16: Medium | E16: ECTC 33 L against a current CTC of 32.8 L is a 0.6% hike, well out of line with the rest of the pipeline. | F16: Verify both figures - one of them is likely mis-keyed.
A17: 13 | B17: - | C17: SL 8, 10, 13, 14, 15 | D17: Medium | E17: The Offers field is blank for five candidates, so it is unclear whether they hold a competing offer. | F17: Collect 'Yes with value' or 'No' for each before the offer discussion.
A18: 14 | B18: 4 | C18: Adarsh Swaminathan | D18: Medium | E18: Current location Chamrajnagar against a Coimbatore work location, and he already holds an offer at 28 L against an ECTC of 30 L. | F18: Confirm willingness to relocate and the closing timeline against the competing offer.
A19: 15 | B19: - | C19: SL 13, 14, 15, 16 | D19: Medium | E19: Hike expectations of 100%, 65%, 97% and 64% at the Senior Software Engineer level. | F19: Check each against the approved band before the profiles go to the panel.
A20: 16 | B20: 3 | C20: Amre Binnaz. M | D20: Low | E20: 'AI : 0.6 Months' is ambiguous, and the resume describes AI-assisted coding with Claude / ChatGPT rather than AI/ML engineering. | F20: Restate the AI entry in the units the rest of the sheet uses.
A21: 17 | B21: 3 | C21: Amre Binnaz. M | D21: Low | E21: The resume carries no education section. | F21: Collect the qualification.
A22: 18 | B22: 14 | C22: Manoj | D22: Low | E22: Current location recorded as 'Bangalore/Coimbatore'. | F22: Record a single current location.
A23: 19 | B23: 16 | C23: Shanmuga raja | D23: Low | E23: The e-mail address was supplied with a leading space. | F23: Corrected in this inventory; fix at source so mail merges do not fail.
